bin_low,bin_high,bin_center,density,count
0.000000,1.500000,0.750000,0.000113333333333,17
1.500000,3.000000,2.250000,0.000333333333333,50
3.000000,4.500000,3.750000,0.000566666666667,85
4.500000,6.000000,5.250000,0.000820000000000,123
6.000000,7.500000,6.750000,0.001146666666667,172
7.500000,9.000000,8.250000,0.001153333333333,173
9.000000,10.500000,9.750000,0.001593333333333,239
10.500000,12.000000,11.250000,0.001880000000000,282
12.000000,13.500000,12.750000,0.001873333333333,281
13.500000,15.000000,14.250000,0.002240000000000,336
15.000000,16.500000,15.750000,0.002593333333333,389
16.500000,18.000000,17.250000,0.002800000000000,420
18.000000,19.500000,18.750000,0.002993333333333,449
19.500000,21.000000,20.250000,0.003353333333333,503
21.000000,22.500000,21.750000,0.003286666666667,493
22.500000,24.000000,23.250000,0.003773333333333,566
24.000000,25.500000,24.750000,0.004046666666667,607
25.500000,27.000000,26.250000,0.004086666666667,613
27.000000,28.500000,27.750000,0.004253333333333,638
28.500000,30.000000,29.250000,0.005086666666667,763
30.000000,31.500000,30.750000,0.005406666666667,811
31.500000,33.000000,32.250000,0.005486666666667,823
33.000000,34.500000,33.750000,0.005593333333333,839
34.500000,36.000000,35.250000,0.005800000000000,870
36.000000,37.500000,36.750000,0.006540000000000,981
37.500000,39.000000,38.250000,0.006906666666667,1036
39.000000,40.500000,39.750000,0.007320000000000,1098
40.500000,42.000000,41.250000,0.007313333333333,1097
42.000000,43.500000,42.750000,0.007566666666667,1135
43.500000,45.000000,44.250000,0.008313333333333,1247
45.000000,46.500000,45.750000,0.008380000000000,1257
46.500000,48.000000,47.250000,0.009066666666667,1360
48.000000,49.500000,48.750000,0.009140000000000,1371
49.500000,51.000000,50.250000,0.009933333333333,1490
51.000000,52.500000,51.750000,0.010900000000000,1635
52.500000,54.000000,53.250000,0.010913333333333,1637
54.000000,55.500000,54.750000,0.011626666666667,1744
55.500000,57.000000,56.250000,0.011986666666667,1798
57.000000,58.500000,57.750000,0.012680000000000,1902
58.500000,60.000000,59.250000,0.013433333333333,2015
60.000000,61.500000,60.750000,0.014520000000000,2178
61.500000,63.000000,62.250000,0.015326666666667,2299
63.000000,64.500000,63.750000,0.016133333333333,2420
64.500000,66.000000,65.250000,0.016933333333333,2540
66.000000,67.500000,66.750000,0.018513333333333,2777
67.500000,69.000000,68.250000,0.020220000000000,3033
69.000000,70.500000,69.750000,0.021753333333333,3263
70.500000,72.000000,71.250000,0.023440000000000,3516
72.000000,73.500000,72.750000,0.026773333333333,4016
73.500000,75.000000,74.250000,0.029553333333333,4433
75.000000,76.500000,75.750000,0.034786666666667,5218
76.500000,78.000000,77.250000,0.042753333333333,6413
78.000000,79.500000,78.750000,0.062926666666667,9439
79.500000,81.000000,80.250000,0.100733333333333,15110
81.000000,82.500000,81.750000,0.000000000000000,0
82.500000,84.000000,83.250000,0.000000000000000,0
84.000000,85.500000,84.750000,0.000000000000000,0
85.500000,87.000000,86.250000,0.000000000000000,0
87.000000,88.500000,87.750000,0.000000000000000,0
88.500000,90.000000,89.250000,0.000000000000000,0
